,address,blockHash,blockNumber,from_address,to_address,token_id,logIndex,transactionHash,transactionIndex
0,0x22cDa8f4F69A2B49f5730B71015057C8aE7D0Af2,0xd892063a1966ee2039602574e9ee568d35eaa0df48face91920a12b10755d686,17140617,0x5aeD53D31810559C10eb2dccAada073AF499AdAb,0xbA69a0ed214aE7D214a4213561e873DA27FD945b,78010234000000000000000000,17,0x3abf8ceb124b9a5671dbc5694b6fd2c1e53623c9823ba67ad9f68ceeb8c1a7a2,11
1,0x9D90669665607F08005CAe4A7098143f554c59EF,0xd892063a1966ee2039602574e9ee568d35eaa0df48face91920a12b10755d686,17140617,0x0000000000000000000000000000000000000000,0x6a02Dc160Ecd1164Fa138F0b909C584d60b515e0,0,43,0x1980df6c056cd80fb0ff31d285809b06348b53a69a13c645821bd165ff1e1cac,27
2,0x8770b7Dd89E5f759eE3b226e0C45e890f87dDc48,0xd892063a1966ee2039602574e9ee568d35eaa0df48face91920a12b10755d686,17140617,0x541B582873bC30242009D7C399220605B072E070,0xe66B31678d6C16E9ebf358268a790B763C133750,105189278436391769452441,52,0x27ea41f8c5ef3702b3faaf6855c8eef3f1630ee62444ced5e41a54248cc23649,28
3,0x8770b7Dd89E5f759eE3b226e0C45e890f87dDc48,0xd892063a1966ee2039602574e9ee568d35eaa0df48face91920a12b10755d686,17140617,0xe66B31678d6C16E9ebf358268a790B763C133750,0x0A7f7b53fE6C522fD677417A7e8B7AB2Da12EaD9,105189278436391769452441,55,0x27ea41f8c5ef3702b3faaf6855c8eef3f1630ee62444ced5e41a54248cc23649,28
4,0x60E2a8EFC87357dEea18129d39501d47C4d4d6F6,0xd892063a1966ee2039602574e9ee568d35eaa0df48face91920a12b10755d686,17140617,0x0000000000000000000000000000000000000000,0xDE1CC578a1cA6894130622C5623fcC38E57673e7,0,95,0x0d7e7ba7bf04a547da1584a3c3c18aa8fdf2421676365d5c75cc8336d65babeb,56
5,0xf3E6DbBE461C6fa492CeA7Cb1f5C5eA660EB1B47,0xd892063a1966ee2039602574e9ee568d35eaa0df48face91920a12b10755d686,17140617,0x098f8e1156982abFF2CA6c1d7f6Cc6BcA1928700,0x6cF4328f1Ea83B5d592474F9fCDC714FAAfd1574,0,134,0xeb187d01d466cffef48e3d17aac0ae821a065a755c5bc09fa44aed903815f7e9,72
6,0x6cF4328f1Ea83B5d592474F9fCDC714FAAfd1574,0xd892063a1966ee2039602574e9ee568d35eaa0df48face91920a12b10755d686,17140617,0x0000000000000000000000000000000000000000,0x098f8e1156982abFF2CA6c1d7f6Cc6BcA1928700,0,135,0xeb187d01d466cffef48e3d17aac0ae821a065a755c5bc09fa44aed903815f7e9,72
7,0x22cDa8f4F69A2B49f5730B71015057C8aE7D0Af2,0xd892063a1966ee2039602574e9ee568d35eaa0df48face91920a12b10755d686,17140617,0xbA69a0ed214aE7D214a4213561e873DA27FD945b,0x000d7A0Cd1a65b22F09c3605E48E16792Ee44DC4,98680108862748037687780714,151,0x9ec90f75a01a6cdb7d34f5e108202e1ce40085aa021b458a771d7c9e395848db,76
8,0x3235BA66Bc9fF27EfeA7021112d593A92433668D,0x852fcef9118be394a511af767d2b5729788b4a6ec9eb7719a2d21f7d438fcc46,17140618,0x85af034D0f2692F2C85e15336B3ba0A80064D62b,0x851572A9B683c5a29CF0A981D55fef3dBc6ED053,0,58,0x08362647aae0e65a68160823840c8568961a741f4203146b7e1ebdf260d12481,13
9,0x22cDa8f4F69A2B49f5730B71015057C8aE7D0Af2,0x852fcef9118be394a511af767d2b5729788b4a6ec9eb7719a2d21f7d438fcc46,17140618,0xbA69a0ed214aE7D214a4213561e873DA27FD945b,0xb74853aCBF441Df745C3d1D52bC4E885cC18C9d0,7434559984249456783780450,134,0x1bb9ee14d6d4e51c18833b9c99c8cc35421b5f5fae48264f8f39fd938bacb8fd,33
10,0x9D90669665607F08005CAe4A7098143f554c59EF,0x852fcef9118be394a511af767d2b5729788b4a6ec9eb7719a2d21f7d438fcc46,17140618,0x0000000000000000000000000000000000000000,0xa5db2af67BA47203f31558C05280F64e72885D86,0,186,0x8be5f53895e82f165950a51c53a8b242a63a5edee77ac8c8ce48ea1b425dbf27,48
11,0x9D90669665607F08005CAe4A7098143f554c59EF,0x852fcef9118be394a511af767d2b5729788b4a6ec9eb7719a2d21f7d438fcc46,17140618,0x0000000000000000000000000000000000000000,0xa5db2af67BA47203f31558C05280F64e72885D86,0,187,0x8be5f53895e82f165950a51c53a8b242a63a5edee77ac8c8ce48ea1b425dbf27,48
12,0xFC8a98C22A9E32948aB028414d67C62c49B16864,0x852fcef9118be394a511af767d2b5729788b4a6ec9eb7719a2d21f7d438fcc46,17140618,0xA0038F51429F1B6A72340AdA2B317491cAdc1546,0xBb41dd49254E8B9d631B835062392a460081734D,0,210,0x17c22dd41e58d091ff92d6eac02c33684966b7c5877c32c4ff3d94bb0566c9f5,53
13,0xFC8a98C22A9E32948aB028414d67C62c49B16864,0x852fcef9118be394a511af767d2b5729788b4a6ec9eb7719a2d21f7d438fcc46,17140618,0xA0038F51429F1B6A72340AdA2B317491cAdc1546,0x26DA8B7C03698371aecB4307B7de31068DbCab1D,0,214,0x17c22dd41e58d091ff92d6eac02c33684966b7c5877c32c4ff3d94bb0566c9f5,53
14,0xFC8a98C22A9E32948aB028414d67C62c49B16864,0x852fcef9118be394a511af767d2b5729788b4a6ec9eb7719a2d21f7d438fcc46,17140618,0xA0038F51429F1B6A72340AdA2B317491cAdc1546,0xafc7c894fAb4fe3479Aa0db52d6d560287E2A6F0,0,218,0x17c22dd41e58d091ff92d6eac02c33684966b7c5877c32c4ff3d94bb0566c9f5,53
15,0xFC8a98C22A9E32948aB028414d67C62c49B16864,0x852fcef9118be394a511af767d2b5729788b4a6ec9eb7719a2d21f7d438fcc46,17140618,0xA0038F51429F1B6A72340AdA2B317491cAdc1546,0xafc7c894fAb4fe3479Aa0db52d6d560287E2A6F0,0,222,0x17c22dd41e58d091ff92d6eac02c33684966b7c5877c32c4ff3d94bb0566c9f5,53
16,0xFC8a98C22A9E32948aB028414d67C62c49B16864,0x852fcef9118be394a511af767d2b5729788b4a6ec9eb7719a2d21f7d438fcc46,17140618,0xA0038F51429F1B6A72340AdA2B317491cAdc1546,0xafc7c894fAb4fe3479Aa0db52d6d560287E2A6F0,0,226,0x17c22dd41e58d091ff92d6eac02c33684966b7c5877c32c4ff3d94bb0566c9f5,53
17,0xFC8a98C22A9E32948aB028414d67C62c49B16864,0x852fcef9118be394a511af767d2b5729788b4a6ec9eb7719a2d21f7d438fcc46,17140618,0xA0038F51429F1B6A72340AdA2B317491cAdc1546,0xafc7c894fAb4fe3479Aa0db52d6d560287E2A6F0,0,230,0x17c22dd41e58d091ff92d6eac02c33684966b7c5877c32c4ff3d94bb0566c9f5,53
18,0xFC8a98C22A9E32948aB028414d67C62c49B16864,0x852fcef9118be394a511af767d2b5729788b4a6ec9eb7719a2d21f7d438fcc46,17140618,0xA0038F51429F1B6A72340AdA2B317491cAdc1546,0x96444A022d301a25d9201AfB99F70DCD0a2C8192,0,234,0x17c22dd41e58d091ff92d6eac02c33684966b7c5877c32c4ff3d94bb0566c9f5,53
19,0xFC8a98C22A9E32948aB028414d67C62c49B16864,0x852fcef9118be394a511af767d2b5729788b4a6ec9eb7719a2d21f7d438fcc46,17140618,0xA0038F51429F1B6A72340AdA2B317491cAdc1546,0x96444A022d301a25d9201AfB99F70DCD0a2C8192,0,238,0x17c22dd41e58d091ff92d6eac02c33684966b7c5877c32c4ff3d94bb0566c9f5,53
20,0xFC8a98C22A9E32948aB028414d67C62c49B16864,0x852fcef9118be394a511af767d2b5729788b4a6ec9eb7719a2d21f7d438fcc46,17140618,0xA0038F51429F1B6A72340AdA2B317491cAdc1546,0x96444A022d301a25d9201AfB99F70DCD0a2C8192,0,242,0x17c22dd41e58d091ff92d6eac02c33684966b7c5877c32c4ff3d94bb0566c9f5,53
21,0x5660E206496808F7b5cDB8C56A696a96AE5E9b23,0x852fcef9118be394a511af767d2b5729788b4a6ec9eb7719a2d21f7d438fcc46,17140618,0xb823a53f7dD95dAE0c72079953d359B62a02f299,0x0000000000000000000000000000000000000000,0,284,0x2b69c5b761df78ff3834a6aafa13cbb4625bfcd207014acc8fe479bae2cefff8,91
22,0x670D4DD2e6BADFBbD372D0d37E06cd2852754a04,0x852fcef9118be394a511af767d2b5729788b4a6ec9eb7719a2d21f7d438fcc46,17140618,0x8252Df1d8b29057d1Afe3062bf5a64D503152BC8,0x8264e9e0f4CbcBBbb3F8eCAec0A625B590Ae790e,0,287,0x2b69c5b761df78ff3834a6aafa13cbb4625bfcd207014acc8fe479bae2cefff8,91
23,0x22cDa8f4F69A2B49f5730B71015057C8aE7D0Af2,0x852fcef9118be394a511af767d2b5729788b4a6ec9eb7719a2d21f7d438fcc46,17140618,0x13Ae79828d0c82077d503580756E47EC78F6539D,0xbA69a0ed214aE7D214a4213561e873DA27FD945b,329347826000000000000000000,308,0x96322ca3c4eef15d8dbc2cd6d22f4db3409ebaf25b3968b89c7005bbf47c7355,97
24,0x59325733eb952a92e069C87F0A6168b29E80627f,0x852fcef9118be394a511af767d2b5729788b4a6ec9eb7719a2d21f7d438fcc46,17140618,0xa5e2BB97De3C62ca06F1A2293eB7E01C114e9a49,0x386843276e4DbE92D0062e999d6F54335CFd1dE1,0,342,0x5c0cb96659630a3c72f911ce9edb71c46762bc6e85711e9f466590081cd44e47,109
25,0x4Ad3785EC7EED7589FA86538244a4530f962434F,0x852fcef9118be394a511af767d2b5729788b4a6ec9eb7719a2d21f7d438fcc46,17140618,0xace27c92406820ecc845673D6828A8EF881fC103,0xbC5bf5f518f009F65a913DB3D67e8c90B5E443E3,0,346,0x2524ca0201818f987db799cc0933106cb0e09dc5aa9e9a297d10a4282b2d521d,114
26,0xcd1F6bE81F1Dc58558F44Bbc5Ca4cc43Cbb1ec05,0x852fcef9118be394a511af767d2b5729788b4a6ec9eb7719a2d21f7d438fcc46,17140618,0x0333F6c7b94C154f8c3D8f89cC34523103AAB704,0x0800833a3706db6fBbD846d5d1b9370a79Af8097,0,357,0x785a23927f73e0024f82a2e3a8a82b5099f292ef1bc0e199e252a9d22dc25ed8,117
27,0xcd1F6bE81F1Dc58558F44Bbc5Ca4cc43Cbb1ec05,0x852fcef9118be394a511af767d2b5729788b4a6ec9eb7719a2d21f7d438fcc46,17140618,0xCB47e8f9e4068fA1749E5a5C2c5aB50c0FEaBa57,0x0800833a3706db6fBbD846d5d1b9370a79Af8097,0,359,0x785a23927f73e0024f82a2e3a8a82b5099f292ef1bc0e199e252a9d22dc25ed8,117
28,0xcd1F6bE81F1Dc58558F44Bbc5Ca4cc43Cbb1ec05,0x852fcef9118be394a511af767d2b5729788b4a6ec9eb7719a2d21f7d438fcc46,17140618,0x2Ce267599BF85Bb1a78d0e777A42FEb65DBC6D78,0x0800833a3706db6fBbD846d5d1b9370a79Af8097,0,361,0x785a23927f73e0024f82a2e3a8a82b5099f292ef1bc0e199e252a9d22dc25ed8,117
29,0x22cDa8f4F69A2B49f5730B71015057C8aE7D0Af2,0x852fcef9118be394a511af767d2b5729788b4a6ec9eb7719a2d21f7d438fcc46,17140618,0x8C85761825cA9E8Ca847646C4120BD789283e6e8,0xbA69a0ed214aE7D214a4213561e873DA27FD945b,329347826000000000000000000,373,0x06edfc9c98fdc7886e30aefe9b8c9296b3f7259d0c23705614b3603947d0e423,124
30,0xfF69aC3c5B237af50c663C354C44a1A8927B58dD,0x852fcef9118be394a511af767d2b5729788b4a6ec9eb7719a2d21f7d438fcc46,17140618,0x0000000000000000000000000000000000000000,0x7BFEe91193d9Df2Ac0bFe90191D40F23c773C060,0,432,0xddfe329607117355eb1a4ad8d5dad5560d9353f5d58d45f31c1278091df71797,147
31,0x9D90669665607F08005CAe4A7098143f554c59EF,0x852fcef9118be394a511af767d2b5729788b4a6ec9eb7719a2d21f7d438fcc46,17140618,0x0000000000000000000000000000000000000000,0x7f2049F69EAbc4BD865fe8edf21CB8019Cc7eC8f,0,433,0x7e068bf829cf184b52b6c91c0dd52c6df6292088eac63a20aeffee3b058e1b71,148
